SeverityClass,Area_ha
0,0.4865639435
1,218626.5219
2,1464.262352
3,3.526693048
4,0.5537175293